{
  "MolWt": {
    "r2": -1.1573922634124756,
    "mae": 86.23462677001953
  },
  "LogP": {
    "r2": 0.6787182092666626,
    "mae": 0.6870163083076477
  },
  "TPSA": {
    "r2": 0.2665829658508301,
    "mae": 17.45903968811035
  },
  "QED": {
    "r2": 0.18565863370895386,
    "mae": 0.09790068864822388
  },
  "overall_r2": 0.555648609995842,
  "total_time_seconds": 853.2740979194641
}