{
  "final_loss": 0.3178732407367443,
  "final_validity": 0.03,
  "best_loss": 0.3178732407367443,
  "total_epochs": 50,
  "total_time_seconds": 9757.721040010452
}